,answer,token_usage
0,37.1667,328
1,41.666666666666664,254
2,47.67,240
3,14.0,85
4,47.666666666666664,268
5,2860.0,237
6,30.0,253
7,52.333333333333336,305
8,30.0,343
9,30.0,264
10,47.67,329
11,30.0,239
12,30.0,450

