,answer,token_usage
0,2.67,144
1,4.0,66
2,4.0,220
3,5.33,187
4,4.0,244
5,5.0,90
6,5.0,95
7,5.0,96
8,2.6667,179
9,4.0,252
10,5.33,151
11,1.3333333333333333,266
12,4.0,233
13,5.0,96
14,4.0,141
15,5.33,204
16,5.0,167
17,4.0,170
18,2.6666666666666665,155
19,4.0,248

