,answer,token_usage
0,530000.0,113
1,741906.27875582,252
2,1200000.0,153
3,1450000.0,226
4,1750000.0,79
5,3200000.0,139
6,675000.0,67
7,380000.0,158
8,215000.0,163
9,1450000.0,82
10,495625.0,270
11,2575000.0,103
12,1450000.0,229
13,650000.0,119
14,3250000.0,104
15,4250000.0,213
16,550000.0,74
17,9503943.0,335
18,500000.0,73
19,1399040.0,270
20,360909.69335549866,256
21,20512269.0,254
22,1450000.0,221

