,answer,token_usage
0,25.0,156
1,25.0,173
2,12.5,175
3,18.181818181818183,188
4,50.0,151
5,22.22222222222222,170
6,25.0,171
7,33.33,110
8,25.0,163
9,25.0,193
10,25.0,202
11,22.22222222222222,196
12,25.0,174
13,22.22222222222222,129
14,25.0,193
15,25.0,144
16,25.0,173

