,answer,token_usage
0,492.0,5346
1,468.0,3924
2,468.0,5784
3,252.421314101275,6111
4,468.0,3857
5,480.6913580246914,6055
6,104.0,5464
7,468.0,6482

