,answer,token_usage
0,104.0,1944
1,199.0,5854
2,104.0,5906
3,106.90760660324503,4418
4,106.90760802475886,4263
5,104.0,2579
6,104.0,2777

