,answer,token_usage
0,676.0,2644
1,520.0,2707
2,468.0,3858
3,195.0,4434
4,80.0,2653
5,624.0,1619
6,364.0,1106
7,156.0,2513
8,212.33333333333334,4325
9,78.0,3265
10,520.0,1618
11,1300.0,1620
12,312.0,1554
13,2704.0,3284
14,222.85714285714286,2468
15,169.0,3541
16,156.0,1938
17,312.0,1618
18,338.0,2008
19,249.6,1888
20,358.8,1952
21,364.0,2965
22,97344.0,2716
23,520.0,1811
24,520.0,3857
25,520.0,3026

