,answer,token_usage
0,7.17,197
1,7.166666666666667,243
2,7.166666666666667,319
3,10.5,168
4,7.5,152
5,9.5,122
6,9.166666666666666,179
7,9.0,108
8,9.25,231
9,10.5,145
10,10.166666666666666,179
11,9.16667,209
12,3.5,201
13,3.5,224
14,3.5,168
15,7.166666666666667,267
16,9.0,109
17,7.1667,185

