,answer,token_usage
0,7.166666666666667,206
1,9.5,133
2,3.1666666666666665,149
3,7.5,117
4,7.833333333333333,247
5,7.17,253
6,7.166666666666667,278
7,7.166666666666667,193
8,7.17,123
9,3.5,211
10,7.166666666666667,215
11,6.166666666666667,189
12,-6.33,106
13,7.1667,173
14,3.5,238
15,3.5,188
16,7.166666666666667,231
17,3.5,204
18,2.1666666666666665,233
19,10.75,174
20,7.166666666666667,187
21,10.75,206
22,5.5,275
23,7.833333333333333,117
24,7.166666666666667,168
25,7.166666666666667,190
26,7.16667,269
27,3.5,240
28,-3.1666666666666665,184
29,6.5,232
30,2.1666666666666665,195
31,7.17,170
32,2.1666666666666665,202
33,8.833333333333334,168
34,10.5,112
35,3.5,223
36,-3.5,244
37,7.166666666666667,165
38,3.5,195
39,6.166666666666667,178

