,answer,token_usage
0,10832.84,149
1,9860.78,195
2,9860.78,202
3,9860.78,175
4,9860.78,205
5,10441.511,163
6,12536.76,146
7,10582.76,142
8,10858.916,136
9,12794.71,117
10,9850.58,153
11,9860.78,215
12,10104.42,134
13,9860.78,174
14,11458.290799999999,103
15,12562.122,141
16,12393.01,172
17,9709.88,125
18,9860.78,201
19,10680.54,105
20,9860.78,217
21,10428.38,154
22,10566.103239999999,132
23,10638.64,140
24,9860.78,216
25,10431.98,115
26,9840.78,180
27,9860.78,181
28,11515.43,133
29,9860.78,194
30,12027.4,131
31,11194.239,126
32,10204.4,128
33,10805.25,151
34,9860.78,167
35,9860.78,187
36,9860.78,202
37,9860.78,177
38,9834.134,260
39,9860.78,163

