,answer,token_usage
0,526.57,155
1,525.0,125
2,519.8,143
3,495.28,188
4,525.0,121
5,522.3875618006853,89
6,522.39,149
7,522.39,95
8,525.0,98
9,500.0,101
10,525.0,110
11,522.3886116742084,128
12,528.64,162
13,500.0,151
14,525.0,115
15,525.0,97
16,528.64,121
17,528.0,108
18,525.0,92
19,522.39,93
20,525.0,100
21,525.0,237

