,answer,token_usage
0,80.0,14229
1,80.0,8658
2,60.0,11860
3,80.0,12947
4,60.0,11092
5,81.64965809277261,15081
6,80.0,15891
7,212.13203435596427,20064
8,80.0,12499
9,80.0,10897
10,80.0,11857

