,answer,token_usage
0,37.17,387
1,2235.0,236
2,47.666666666666664,323
3,30.0,240
4,47.666666666666664,331
5,37.17,257
6,30.0,212
7,37.1667,277
8,47.67,231
9,29.6667,266
10,47.666666666666664,245
11,30.0,301
12,24.0,242
13,31.83,266
14,47.67,302
15,30.0,262
16,37.166666666666664,297
17,15.0,72
18,37.17,226
19,30.0,317
20,47.67,358
21,37.1667,283
22,47.666666666666664,298
23,41.25,298
24,12.0,121
25,30.0,221
26,30.166666666666668,180
27,17.0,84
28,30.0,291

