,answer,token_usage
0,108.18,58
1,106.08,82
2,106.12,159
3,106.08000000000001,70
4,108.18,73
5,106.12079999999999,142
6,106.12,171
7,106.12,200
8,106.12,196
9,106.12,176

