,answer,token_usage
0,3.3333333333333335,334
1,4.0,150
2,6.666666666666667,231
3,4.0,188
4,4.0,260
5,4.0,290

