,answer,token_usage
0,2.0,100
1,2.0,122
2,1.0,65
3,2.6666666666666665,128
4,2.67,147
5,2.6666666666666665,135
6,2.0,141
7,2.0,115
8,2.0,144

