,answer,token_usage
0,29.0,152
1,30.0,363
2,30.0,232
3,24.0,327
4,40.0,112
5,24.0,273
6,30.0,283
7,12.0,202
8,12.0,112
9,27.5,152
10,37.166666666666664,306
11,15.0,100
12,37.17,239
13,42.333333333333336,235
14,24.0,295
15,30.0,294
16,47.67,304
17,37.1667,236
18,37.17,335
19,30.0,247
20,47.67,261
21,47.66666666666667,217
22,30.0,253
23,47.666666666666664,268
24,28.333333333333332,269
25,30.0,301

