,answer,token_usage
0,11.0,101
1,30.0,279
2,24.0,260
3,10.0,58
4,31.833333333333332,286
5,30.0,279
6,15.0,88
7,28.34,317
8,47.666666666666664,252
9,20.0,94
10,30.0,240
11,30.0,336

