,answer,token_usage
0,5.0,67
1,4.0,251
2,1.3333333333333333,202
3,3.0,46
4,1.3333333333333335,178
5,1.333,365
6,4.0,205
7,5.0,286
8,5.0,199
9,2.67,216
10,4.0,171
11,4.0,231
12,5.0,194
13,2.67,153
14,1.3333333333333333,192
15,4.0,172
16,5.0,177
17,2.0,181
18,4.0,236
19,2.67,232
20,1.3333333333333333,154
21,4.0,198
22,5.333333333333333,183
23,5.33,198
24,5.0,283
25,5.333333333333333,197
26,5.333,153
27,5.0,219
28,6.0,51
29,4.0,276
30,2.67,209
31,4.0,265
32,2.67,154
33,4.0,227
34,4.0,238

