,answer,token_usage
0,4.0,234
1,4.0,221
2,5.33,145
3,4.0,126
4,5.333333333333333,233
5,5.0,88
6,5.333333333333333,161
7,4.0,144
8,4.0,248
9,5.0,102
10,5.333333333333333,177
11,2.6666666666666665,197
12,4.0,117
13,5.0,110
14,5.333333333333333,193
15,2.6666666666666665,164
16,5.0,165
17,5.333333333333333,184
18,4.0,216
19,4.0,239
20,2.6666666666666665,149
21,4.0,223
22,3.0,75
23,4.0,64
24,4.0,209
25,4.0,244

