,answer,token_usage
0,106.90761,23424
1,104.0,5396
2,104.0,5272
3,104.0,5714
4,104.0,2962
5,106.90760869565217,11621
6,104.0,4504
7,104.0,5976

