,answer,token_usage
0,71.42857,246
1,100.0,174
2,71.42857142857143,185
3,100.0,80
4,71.42857142857143,213
5,100.0,179
6,100.0,190
7,100.0,200
8,100.0,247
9,100.0,181
10,166.66666666666666,212
11,100.0,111

