,answer,token_usage
0,7.17,228
1,3.5,222
2,6.166666666666667,252
3,10.5,160
4,3.5,160
5,3.5,176
6,3.5,164
7,7.166666666666667,208
8,7.166666666666667,158
9,7.1667,228
10,7.166666666666667,166
11,2.1666666666666665,202
12,7.166666666666667,165
13,3.5,158
14,7.17,190
15,8.166666666666666,137
16,3.5,209
17,7.166666666666667,131
18,10.5,122
19,9.5,116
20,10.75,274
21,15.166666666666666,130
22,9.1667,228
23,3.5,228
24,3.5,242
25,7.166666666666667,161
26,7.17,152
27,7.16667,156
28,7.16667,197
29,7.166666666666667,194
30,7.166666666666667,133
31,3.5,209
32,7.166666666666667,168
33,7.166666666666667,188
34,-3.5,168
35,7.166666666666667,146
36,7.1667,205
37,7.166666666666667,170
38,7.166666666666667,177
39,3.5,217

