,answer,token_usage
0,25.0,304
1,25.0,217
2,25.0,236
3,25.0,143
4,25.0,150
5,22.22222222222222,163
6,28.57142857142857,198
7,25.0,128
8,22.22,236
9,25.0,143
10,25.0,234
11,50.0,164
12,25.0,167
13,14.285714285714286,213
14,25.0,171
15,25.0,235
16,25.0,133
17,25.0,147
18,50.0,140
19,25.0,164
20,25.0,194
21,25.0,183
22,33.33,126
23,25.0,145
24,25.0,185
25,25.0,232

