,answer,token_usage
0,8.0,114
1,10.0,207
2,10.0,172
3,10.0,144
4,10.0,148
5,6.666666666666667,259
6,6.67,221
7,10.0,267
8,10.0,128
9,10.0,159
10,10.0,140
11,10.0,137
12,13.333333333333334,74
13,6.67,169
14,10.0,113
15,10.0,185
16,6.666666666666667,221
17,10.0,167
18,10.0,154
19,10.0,174
20,9.33,228
21,10.0,241
22,10.0,152
23,10.0,118
24,10.0,177
25,10.0,84

