,answer,token_usage
0,528.64,143
1,517.5,141
2,458.5,221
3,525.0,185
4,500.0,105
5,522.8358208955224,135
6,522.39,135
7,522.39,116
8,755.4,246
9,525.0,144
10,528.6432141762459,145
11,525.0,100
12,528.64,162
13,466.67,134
14,530.0,103
15,525.0,180
16,517.93,226
17,525.0,134
18,522.39,167
19,525.0,779
20,525.0,93
21,664.56,313
22,460.0,186
23,530.3,91
24,525.0,205
25,525.0,183
26,522.39,153
27,528.0,139
28,525.0,143
29,525.0,158
30,525.0,91
31,525.0,111
32,528.64,131
33,525.0,71
34,525.0,148
35,525.0,135
36,525.0,138
37,525.0,111
38,525.0,89
39,525.0,124

