,answer,token_usage
0,166.67,164
1,100.0,167
2,100.0,213
3,100.0,203
4,166.66666666666666,246
5,100.0,250
6,100.0,192
7,100.0,235
8,100.0,254
9,100.0,271
10,100.0,97
11,100.0,187
12,100.0,195
13,100.0,226
14,166.67,147
15,100.0,206
16,166.66666666666666,207
17,100.0,208
18,200.0,200
19,100.0,217
20,71.0,184
21,100.0,163
22,100.0,267
23,100.0,194
24,100.0,189

