,answer,token_usage
0,410.0,146
1,410.0,102
2,410.0,108
3,410.0,90
4,410.0,108
5,410.0,158
6,410.0,134
7,410.0,127
8,10.933333333333334,112
9,410.0,132
10,410.0,157
11,410.0,101
12,10.933333333333334,142
13,410.0,121
14,410.0,181
15,410.0,85
16,410.0,106
17,410.0,181
18,410.0,71
19,10.9333,163
20,410.0,144
21,410.0,175

