,answer,token_usage
0,3.5,187
1,7.166666666666667,218
2,7.17,203
3,7.17,231
4,7.166666666666667,221
5,3.1666666666666665,229
6,7.16667,200
7,6.166666666666667,261
8,7.17,253
9,7.1667,148
10,9.166666666666666,215
11,7.1667,195
12,6.5,253
13,8.5,146
14,4.666666666666667,186
15,3.5,204
16,7.166666666666667,205
17,6.1667,170
18,7.166666666666667,250
19,3.5,217
20,9.5,201
21,3.5,211
22,11.5,140
23,-3.17,203
24,8.33,174
25,3.5,187
26,7.1667,206
27,7.166666666666667,183
28,3.5,176
29,10.5,97
30,-7.166666666666667,256
31,7.17,247
32,7.166666666666667,171
33,3.1667,206
34,7.166666666666667,183
35,10.166666666666666,96
36,3.5,176
37,3.5,214
38,7.17,166
39,7.17,180
40,3.5,187
41,10.75,163
42,7.166666666666667,153
43,7.166666666666667,167
44,7.1667,218
45,3.5,211
46,7.1667,155
47,9.83,134
48,7.166666666666667,184
49,7.5,96
50,3.5,199
51,3.5,198
52,10.0,185
53,3.5,210

