,answer,token_usage
0,15.75,164
1,15.75,160
2,47.25,215
3,10.5,100
4,1.96875,136
5,1.96875,186
6,15.75,174
7,47.25,211
8,15.75,165
9,1.96875,179
10,1.96875,126
11,47.25,192
12,1.96875,189
13,15.75,165
14,15.75,181
15,47.25,154
16,47.25,134
17,47.25,134
18,15.75,183
19,15.75,121
20,15.75,171

