,answer,token_usage
0,5.0,208
1,4.0,235
2,2.67,231
3,2.6666666666666665,231
4,1.3333333333333335,208
5,4.0,241
6,5.0,90
7,4.0,219
8,4.0,237
9,2.6666666666666665,230
10,2.6666666666666665,152
11,2.6666666666666665,230
12,2.0,223
13,2.66667,248
14,4.0,266
15,4.0,249
16,6.0,67
17,1.3333333333333333,192
18,4.0,170

